Question,Bloom Level,Keywords
List the levels in Bloom's Taxonomy.,Remember,"What, how, cite, define, describe, draw, find, identify, indicate, label, list, locate, match, memorize, name, quote, recall, recite, recognize, record, relate, reproduce, select, state, tell write"
What is the main difference between a linked list and an array in data structures?,Understand,"arrange, classify, compare, compute, contrast, convert, describe, discuss, distinguish, estimate, explain, express, extend, extrapolate, generalize, give examples, identify, infer, interpret, locate, outline, paraphrase, put into your own words, relate, restate, rewrite, summarize, translate, visualize"
You're building a social media application where users can follow each other. How would you design a data structure to efficiently track who follows whom? Explain your choice.,Apply,"add, apply, build, calculate, carry out, change, choose, classify, complete, compute, construct, demonstrate, develop, discover, divide, dramatize, experiment with, execute, examine, graph, identify, illustrate, implement, interpolate, interpret, interview, investigate, make, make use of, manipulate, modify, organize, operate, model, plan, predict, prepare, put together, produce, put into practice, sketch, select, solve, show, translate, use, utilize"
Compare and contrast the time complexity of searching for an element in an unsorted array vs. a balanced binary search tree. Explain why the difference exists.,Analyze,"advertise, analyze, arrange, attribute, break down, categorize, classify, combine, compare, conclude, contrast, debate, deconstruct, deduce, design, detect, determine, develop, diagram, differentiate, discover, discriminate, dissect, distinguish, divide, examine, experiment, explain, identify, infer, illustrate, inspect, integrate, interpret, investigate, organize, outline, point out, relate, separate, structure, subdivide, survey, take apart, test"
"Which data structure (stack/queue) would be better for managing undo/redo functionality in a text editor, justifying your choice.",Evaluate,"agree, appraise, argue, assess, award, check, choose, compare, conclude, contrast, criticize, critique, debate, decide, deduct, defend, determine, discuss, disprove, dispute, estimate, evaluate, grade, judge, justify, measure, monitor, prioritize, prove, rank, rate, recommend, revise, score, select, test, value, verify, weigh"
"Design a new data structure that efficiently stores student information (ID, name, grades) and allows for fast retrieval by name and average grade calculation.",Create,"add, adapt, arrange, assemble, build, change, collect, combine, compile, compose, construct, create, design, devise, elaborate, estimate, forecast, formulate, generate, group, hypothesize, integrate, imagine, improve, invent, make up, maximize, minimize, modify, order, organize, originate, plan, predict, prepare, prescribe, produce, propose, rearrange, reconstruct, reorganize, revise, rewrite, set up, solve, specify, summarize, suppose, synthesize, theorize, transform"
